classSerial,className,sampleName
0,lockpicking,pick1_0.wav
0,lockpicking,pick1_1.wav
0,lockpicking,pick1_2.wav
0,lockpicking,pick1_3.wav
0,lockpicking,pick1_4.wav
0,lockpicking,pick1_5.wav
0,lockpicking,pick1_6.wav
0,lockpicking,pick1_7.wav
0,lockpicking,pick1_8.wav
0,lockpicking,pick1_9.wav
0,lockpicking,pick1_10.wav
0,lockpicking,pick1_11.wav
0,lockpicking,pick1_12.wav
0,lockpicking,pick1_13.wav
0,lockpicking,pick1_14.wav
0,lockpicking,pick1_15.wav
0,lockpicking,pick1_16.wav
0,lockpicking,pick1_17.wav
0,lockpicking,pick1_18.wav
0,lockpicking,pick1_19.wav
0,lockpicking,pick1_20.wav
0,lockpicking,pick1_21.wav
0,lockpicking,pick1_22.wav
0,lockpicking,pick1_23.wav
0,lockpicking,pick1_24.wav
0,lockpicking,pick1_25.wav
0,lockpicking,pick1_26.wav
0,lockpicking,pick1_27.wav
0,lockpicking,pick1_28.wav
0,lockpicking,pick2_0.wav
0,lockpicking,pick2_1.wav
0,lockpicking,pick2_2.wav
0,lockpicking,pick2_3.wav
0,lockpicking,pick2_4.wav
0,lockpicking,pick2_5.wav
0,lockpicking,pick2_6.wav
0,lockpicking,pick2_7.wav
0,lockpicking,pick2_8.wav
0,lockpicking,pick2_9.wav
0,lockpicking,pick2_10.wav
0,lockpicking,pick2_11.wav
0,lockpicking,pick2_12.wav
0,lockpicking,pick3_0.wav
0,lockpicking,pick3_1.wav
0,lockpicking,pick3_2.wav
0,lockpicking,pick3_3.wav
0,lockpicking,pick3_4.wav
0,lockpicking,pick4_0.wav
0,lockpicking,pick4_1.wav
0,lockpicking,pick4_2.wav
0,lockpicking,pick4_3.wav
0,lockpicking,pick4_4.wav
0,lockpicking,pick4_5.wav
0,lockpicking,pick4_6.wav
0,lockpicking,pick4_7.wav
0,lockpicking,pick4_8.wav
0,lockpicking,pick4_9.wav
0,lockpicking,pick4_10.wav
0,lockpicking,pick4_11.wav
0,lockpicking,pick4_12.wav
0,lockpicking,pick5_0.wav
0,lockpicking,pick5_1.wav
0,lockpicking,pick5_2.wav
0,lockpicking,pick5_3.wav
0,lockpicking,pick5_4.wav
0,lockpicking,pick5_5.wav
0,lockpicking,pick5_6.wav
0,lockpicking,pick5_7.wav
0,lockpicking,pick5_8.wav
0,lockpicking,pick5_9.wav
0,lockpicking,pick5_10.wav
0,lockpicking,pick5_11.wav
0,lockpicking,pick5_12.wav
0,lockpicking,pick5_13.wav
0,lockpicking,pick5_14.wav
0,lockpicking,pick5_15.wav
0,lockpicking,pick5_16.wav
0,lockpicking,pick5_17.wav
0,lockpicking,pick5_18.wav
0,lockpicking,pick5_19.wav
0,lockpicking,pick5_20.wav
0,lockpicking,pick6_0.wav
0,lockpicking,pick6_1.wav
0,lockpicking,pick6_2.wav
0,lockpicking,pick6_3.wav
0,lockpicking,pick6_4.wav
0,lockpicking,pick6_5.wav
0,lockpicking,pick6_6.wav
0,lockpicking,pick6_7.wav
0,lockpicking,pick6_8.wav
0,lockpicking,pick6_9.wav
0,lockpicking,pick6_10.wav
0,lockpicking,pick6_11.wav
0,lockpicking,pick6_12.wav
0,lockpicking,pick6_13.wav
0,lockpicking,pick6_14.wav
0,lockpicking,pick6_15.wav
0,lockpicking,pick6_16.wav
0,lockpicking,pick6_17.wav
0,lockpicking,pick6_18.wav
0,lockpicking,pick6_19.wav
0,lockpicking,pick6_20.wav
0,lockpicking,pick7_0.wav
0,lockpicking,pick7_1.wav
0,lockpicking,pick7_2.wav
0,lockpicking,pick7_3.wav
0,lockpicking,pick7_4.wav
0,lockpicking,pick7_5.wav
0,lockpicking,pick7_6.wav
0,lockpicking,pick7_7.wav
0,lockpicking,pick7_8.wav
0,lockpicking,pick7_9.wav
0,lockpicking,pick7_10.wav
0,lockpicking,pick7_11.wav
0,lockpicking,pick7_12.wav
0,lockpicking,pick7_13.wav
0,lockpicking,pick7_14.wav
0,lockpicking,pick7_15.wav
0,lockpicking,pick7_16.wav
0,lockpicking,pick7_17.wav
0,lockpicking,pick7_18.wav
0,lockpicking,pick7_19.wav
0,lockpicking,pick7_20.wav
2,others,10min_0.wav
2,others,10min_1.wav
2,others,10min_2.wav
2,others,10min_3.wav
2,others,10min_4.wav
2,others,10min_5.wav
2,others,10min_6.wav
2,others,10min_7.wav
2,others,10min_8.wav
2,others,10min_9.wav
2,others,10min_10.wav
2,others,10min_11.wav
2,others,10min_12.wav
2,others,10min_13.wav
2,others,10min_14.wav
2,others,10min_15.wav
2,others,10min_16.wav
2,others,10min_17.wav
2,others,10min_18.wav
2,others,10min_19.wav
2,others,10min_20.wav
2,others,10min_21.wav
2,others,10min_22.wav
2,others,10min_23.wav
2,others,10min_24.wav
2,others,10min_25.wav
2,others,10min_26.wav
2,others,10min_27.wav
2,others,10min_28.wav
2,others,10min_29.wav
2,others,10min_30.wav
2,others,10min_31.wav
2,others,10min_32.wav
2,others,10min_33.wav
2,others,10min_34.wav
2,others,10min_35.wav
2,others,10min_36.wav
2,others,10min_37.wav
2,others,10min_38.wav
2,others,10min_39.wav
2,others,10min_40.wav
2,others,10min_41.wav
2,others,10min_42.wav
2,others,10min_43.wav
2,others,10min_44.wav
2,others,10min_45.wav
2,others,10min_46.wav
2,others,10min_47.wav
2,others,10min_48.wav
2,others,10min_49.wav
2,others,10min_50.wav
2,others,10min_51.wav
2,others,10min_52.wav
2,others,10min_53.wav
2,others,10min_54.wav
2,others,10min_55.wav
2,others,10min_56.wav
2,others,10min_57.wav
2,others,10min_58.wav
2,others,10min_59.wav
2,others,10min_60.wav
2,others,10min_61.wav
2,others,10min_62.wav
2,others,10min_63.wav
2,others,10min_64.wav
2,others,10min_65.wav
2,others,10min_66.wav
2,others,10min_67.wav
2,others,10min_68.wav
2,others,10min_69.wav
2,others,10min_70.wav
2,others,10min_71.wav
2,others,10min_72.wav
2,others,10min_73.wav
2,others,10min_74.wav
2,others,10min_75.wav
2,others,10min_76.wav
2,others,10min_77.wav
2,others,10min_78.wav
2,others,10min_79.wav
2,others,10min_80.wav
2,others,10min_81.wav
2,others,10min_82.wav
2,others,10min_83.wav
2,others,10min_84.wav
2,others,10min_85.wav
2,others,10min_86.wav
2,others,10min_87.wav
2,others,10min_88.wav
2,others,10min_89.wav
2,others,10min_90.wav
2,others,10min_91.wav
2,others,10min_92.wav
2,others,10min_93.wav
2,others,10min_94.wav
2,others,10min_95.wav
2,others,10min_96.wav
2,others,10min_97.wav
2,others,10min_98.wav
2,others,10min_99.wav
2,others,10min_100.wav
2,others,10min_101.wav
2,others,10min_102.wav
2,others,10min_103.wav
2,others,10min_104.wav
2,others,10min_105.wav
2,others,10min_106.wav
2,others,10min_107.wav
2,others,10min_108.wav
2,others,10min_109.wav
2,others,10min_110.wav
2,others,10min_111.wav
2,others,10min_112.wav
2,others,10min_113.wav
2,others,10min_114.wav
2,others,10min_115.wav
2,others,10min_116.wav
2,others,10min_117.wav
2,others,10min_118.wav
2,others,10min_119.wav
2,others,10min_120.wav
2,others,10min_121.wav
2,others,10min_122.wav
2,others,10min_123.wav
2,others,10min_124.wav
2,others,10min_125.wav
2,others,10min_126.wav
2,others,10min_127.wav
2,others,10min_128.wav
2,others,10min_129.wav
2,others,10min_130.wav
2,others,10min_131.wav
2,others,10min_132.wav
2,others,10min_133.wav
2,others,10min_134.wav
2,others,10min_135.wav
2,others,10min_136.wav
2,others,10min_137.wav
2,others,10min_138.wav
2,others,10min_139.wav
2,others,10min_140.wav
2,others,10min_141.wav
2,others,10min_142.wav
2,others,10min_143.wav
2,others,10min_144.wav
2,others,10min_145.wav
2,others,10min_146.wav
2,others,10min_147.wav
2,others,10min_148.wav
2,others,10min_149.wav
2,others,10min_150.wav
2,others,10min_151.wav
2,others,10min_152.wav
2,others,10min_153.wav
2,others,10min_154.wav
2,others,10min_155.wav
2,others,10min_156.wav
2,others,10min_157.wav
2,others,10min_158.wav
2,others,10min_159.wav
2,others,10min_160.wav
2,others,10min_161.wav
2,others,10min_162.wav
2,others,10min_163.wav
2,others,10min_164.wav
2,others,10min_165.wav
2,others,10min_166.wav
2,others,10min_167.wav
2,others,10min_168.wav
2,others,10min_169.wav
2,others,10min_170.wav
2,others,10min_171.wav
2,others,10min_172.wav
2,others,10min_173.wav
2,others,10min_174.wav
2,others,10min_175.wav
2,others,10min_176.wav
2,others,10min_177.wav
2,others,10min_178.wav
2,others,10min_179.wav
2,others,10min_180.wav
2,others,10min_181.wav
2,others,10min_182.wav
2,others,10min_183.wav
2,others,10min_184.wav
2,others,10min_185.wav
2,others,10min_186.wav
2,others,10min_187.wav
2,others,10min_188.wav
2,others,10min_189.wav
2,others,10min_190.wav
2,others,10min_191.wav
2,others,10min_192.wav
2,others,10min_193.wav
2,others,10min_194.wav
2,others,10min_195.wav
2,others,10min_196.wav
2,others,10min_197.wav
2,others,10min_198.wav
2,others,10min_199.wav
2,others,10min_200.wav
2,others,10min_201.wav
2,others,10min_202.wav
2,others,10min_203.wav
2,others,10min_204.wav
2,others,10min_205.wav
2,others,10min_206.wav
2,others,10min_207.wav
2,others,10min_208.wav
2,others,10min_209.wav
2,others,10min_210.wav
2,others,10min_211.wav
2,others,10min_212.wav
2,others,10min_213.wav
2,others,10min_214.wav
2,others,10min_215.wav
2,others,10min_216.wav
2,others,10min_217.wav
2,others,10min_218.wav
2,others,10min_219.wav
2,others,10min_220.wav
2,others,10min_221.wav
2,others,10min_222.wav
2,others,10min_223.wav
2,others,10min_224.wav
2,others,10min_225.wav
2,others,10min_226.wav
2,others,10min_227.wav
2,others,10min_228.wav
2,others,10min_229.wav
2,others,10min_230.wav
2,others,10min_231.wav
2,others,10min_232.wav
2,others,10min_233.wav
2,others,10min_234.wav
2,others,10min_235.wav
2,others,10min_236.wav
2,others,10min_237.wav
2,others,10min_238.wav
2,others,10min_239.wav
2,others,10min_240.wav
2,others,10min_241.wav
2,others,10min_242.wav
2,others,10min_243.wav
2,others,10min_244.wav
2,others,10min_245.wav
2,others,10min_246.wav
2,others,10min_247.wav
2,others,10min_248.wav
2,others,10min_249.wav
2,others,10min_250.wav
2,others,10min_251.wav
2,others,10min_252.wav
2,others,10min_253.wav
2,others,10min_254.wav
2,others,10min_255.wav
2,others,10min_256.wav
2,others,10min_257.wav
2,others,10min_258.wav
2,others,10min_259.wav
2,others,10min_260.wav
2,others,10min_261.wav
2,others,10min_262.wav
2,others,10min_263.wav
2,others,10min_264.wav
2,others,10min_265.wav
2,others,10min_266.wav
2,others,10min_267.wav
2,others,10min_268.wav
2,others,10min_269.wav
2,others,10min_270.wav
2,others,10min_271.wav
2,others,10min_272.wav
2,others,10min_273.wav
2,others,10min_274.wav
2,others,10min_275.wav
2,others,10min_276.wav
2,others,10min_277.wav
2,others,10min_278.wav
2,others,10min_279.wav
2,others,10min_280.wav
2,others,10min_281.wav
2,others,10min_282.wav
2,others,10min_283.wav
2,others,10min_284.wav
2,others,10min_285.wav
2,others,10min_286.wav
2,others,10min_287.wav
2,others,10min_288.wav
2,others,10min_289.wav
2,others,10min_290.wav
2,others,10min_291.wav
2,others,10min_292.wav
2,others,10min_293.wav
2,others,10min_294.wav
2,others,10min_295.wav
2,others,10min_296.wav
2,others,10min_297.wav
2,others,10min_298.wav
2,others,10min_299.wav
2,others,10min_300.wav
2,others,10min_301.wav
2,others,10min_302.wav
2,others,10min_303.wav
2,others,10min_304.wav
2,others,10min_305.wav
2,others,10min_306.wav
2,others,10min_307.wav
2,others,10min_308.wav
2,others,10min_309.wav
2,others,10min_310.wav
2,others,10min_311.wav
2,others,10min_312.wav
2,others,10min_313.wav
2,others,10min_314.wav
2,others,10min_315.wav
2,others,10min_316.wav
2,others,10min_317.wav
2,others,10min_318.wav
2,others,10min_319.wav
2,others,10min_320.wav
2,others,10min_321.wav
2,others,10min_322.wav
2,others,10min_323.wav
2,others,10min_324.wav
2,others,10min_325.wav
2,others,10min_326.wav
2,others,10min_327.wav
2,others,10min_328.wav
2,others,10min_329.wav
2,others,10min_330.wav
2,others,10min_331.wav
2,others,10min_332.wav
2,others,10min_333.wav
2,others,10min_334.wav
2,others,10min_335.wav
2,others,10min_336.wav
2,others,10min_337.wav
2,others,10min_338.wav
2,others,10min_339.wav
2,others,10min_340.wav
2,others,10min_341.wav
2,others,10min_342.wav
2,others,10min_343.wav
2,others,10min_344.wav
2,others,10min_345.wav
2,others,10min_346.wav
2,others,10min_347.wav
2,others,10min_348.wav
2,others,10min_349.wav
2,others,10min_350.wav
2,others,10min_351.wav
2,others,10min_352.wav
2,others,10min_353.wav
2,others,10min_354.wav
2,others,10min_355.wav
2,others,10min_356.wav
2,others,10min_357.wav
2,others,10min_358.wav
2,others,10min_359.wav
2,others,10min_360.wav
2,others,10min_361.wav
2,others,10min_362.wav
2,others,10min_363.wav
2,others,10min_364.wav
2,others,10min_365.wav
2,others,10min_366.wav
2,others,10min_367.wav
2,others,10min_368.wav
2,others,10min_369.wav
2,others,10min_370.wav
2,others,10min_371.wav
2,others,10min_372.wav
2,others,10min_373.wav
2,others,10min_374.wav
2,others,10min_375.wav
2,others,10min_376.wav
2,others,10min_377.wav
2,others,10min_378.wav
2,others,10min_379.wav
2,others,10min_380.wav
2,others,10min_381.wav
2,others,10min_382.wav
2,others,10min_383.wav
2,others,10min_384.wav
2,others,10min_385.wav
2,others,10min_386.wav
2,others,10min_387.wav
2,others,10min_388.wav
2,others,10min_389.wav
2,others,10min_390.wav
2,others,10min_391.wav
2,others,10min_392.wav
2,others,10min_393.wav
2,others,10min_394.wav
2,others,10min_395.wav
2,others,10min_396.wav
2,others,10min_397.wav
2,others,10min_398.wav
2,others,10min_399.wav
2,others,10min_400.wav
2,others,10min_401.wav
2,others,10min_402.wav
2,others,10min_403.wav
2,others,10min_404.wav
2,others,10min_405.wav
2,others,10min_406.wav
2,others,10min_407.wav
2,others,10min_408.wav
2,others,10min_409.wav
2,others,10min_410.wav
2,others,10min_411.wav
2,others,10min_412.wav
2,others,10min_413.wav
2,others,10min_414.wav
2,others,10min_415.wav
2,others,10min_416.wav
2,others,10min_417.wav
2,others,10min_418.wav
2,others,10min_419.wav
2,others,10min_420.wav
2,others,10min_421.wav
2,others,10min_422.wav
2,others,10min_423.wav
2,others,10min_424.wav
2,others,10min_425.wav
2,others,10min_426.wav
2,others,10min_427.wav
2,others,10min_428.wav
2,others,10min_429.wav
2,others,10min_430.wav
2,others,10min_431.wav
2,others,10min_432.wav
2,others,10min_433.wav
2,others,10min_434.wav
2,others,10min_435.wav
2,others,10min_436.wav
2,others,10min_437.wav
2,others,10min_438.wav
2,others,10min_439.wav
2,others,10min_440.wav
2,others,10min_441.wav
2,others,10min_442.wav
2,others,10min_443.wav
2,others,10min_444.wav
2,others,10min_445.wav
2,others,10min_446.wav
2,others,10min_447.wav
2,others,10min_448.wav
2,others,10min_449.wav
2,others,10min_450.wav
2,others,10min_451.wav
2,others,10min_452.wav
2,others,10min_453.wav
2,others,10min_454.wav
2,others,10min_455.wav
2,others,10min_456.wav
2,others,10min_457.wav
2,others,10min_458.wav
2,others,10min_459.wav
2,others,10min_460.wav
2,others,10min_461.wav
2,others,10min_462.wav
2,others,10min_463.wav
2,others,10min_464.wav
2,others,10min_465.wav
2,others,10min_466.wav
2,others,10min_467.wav
2,others,10min_468.wav
2,others,10min_469.wav
2,others,10min_470.wav
2,others,10min_471.wav
2,others,10min_472.wav
2,others,10min_473.wav
2,others,10min_474.wav
2,others,10min_475.wav
2,others,10min_476.wav
2,others,10min_477.wav
2,others,10min_478.wav
2,others,10min_479.wav
2,others,10min_480.wav
2,others,10min_481.wav
2,others,10min_482.wav
2,others,10min_483.wav
2,others,10min_484.wav
2,others,10min_485.wav
2,others,10min_486.wav
2,others,10min_487.wav
2,others,10min_488.wav
2,others,10min_489.wav
2,others,10min_490.wav
2,others,10min_491.wav
2,others,10min_492.wav
2,others,10min_493.wav
2,others,10min_494.wav
2,others,10min_495.wav
2,others,10min_496.wav
2,others,10min_497.wav
2,others,10min_498.wav
2,others,10min_499.wav
2,others,10min_500.wav
2,others,10min_501.wav
2,others,10min_502.wav
2,others,10min_503.wav
2,others,10min_504.wav
2,others,10min_505.wav
2,others,10min_506.wav
2,others,10min_507.wav
2,others,10min_508.wav
2,others,10min_509.wav
2,others,10min_510.wav
2,others,10min_511.wav
2,others,10min_512.wav
2,others,10min_513.wav
2,others,10min_514.wav
2,others,10min_515.wav
2,others,10min_516.wav
2,others,10min_517.wav
2,others,10min_518.wav
2,others,10min_519.wav
2,others,10min_520.wav
2,others,10min_521.wav
2,others,10min_522.wav
2,others,10min_523.wav
2,others,10min_524.wav
2,others,10min_525.wav
2,others,10min_526.wav
2,others,10min_527.wav
2,others,10min_528.wav
2,others,10min_529.wav
2,others,10min_530.wav
2,others,10min_531.wav
2,others,10min_532.wav
2,others,10min_533.wav
2,others,10min_534.wav
2,others,10min_535.wav
2,others,10min_536.wav
2,others,10min_537.wav
2,others,10min_538.wav
2,others,10min_539.wav
2,others,10min_540.wav
2,others,10min_541.wav
2,others,10min_542.wav
2,others,10min_543.wav
2,others,10min_544.wav
2,others,10min_545.wav
2,others,10min_546.wav
2,others,10min_547.wav
2,others,10min_548.wav
2,others,10min_549.wav
2,others,10min_550.wav
2,others,10min_551.wav
2,others,10min_552.wav
2,others,10min_553.wav
2,others,10min_554.wav
2,others,10min_555.wav
2,others,10min_556.wav
2,others,10min_557.wav
2,others,10min_558.wav
2,others,10min_559.wav
2,others,10min_560.wav
2,others,10min_561.wav
2,others,10min_562.wav
2,others,10min_563.wav
2,others,10min_564.wav
2,others,10min_565.wav
2,others,10min_566.wav
2,others,10min_567.wav
2,others,10min_568.wav
2,others,10min_569.wav
2,others,10min_570.wav
2,others,10min_571.wav
2,others,10min_572.wav
2,others,10min_573.wav
2,others,10min_574.wav
2,others,10min_575.wav
2,others,10min_576.wav
2,others,10min_577.wav
2,others,10min_578.wav
2,others,10min_579.wav
2,others,10min_580.wav
2,others,10min_581.wav
2,others,10min_582.wav
2,others,10min_583.wav
2,others,10min_584.wav
2,others,10min_585.wav
2,others,10min_586.wav
2,others,10min_587.wav
2,others,10min_588.wav
2,others,10min_589.wav
2,others,10min_590.wav
2,others,10min_591.wav
2,others,10min_592.wav
2,others,10min_593.wav
2,others,10min_594.wav
2,others,10min_595.wav
2,others,10min_596.wav
2,others,10min_597.wav
2,others,10min_598.wav
2,others,10min_599.wav
2,others,10min_600.wav
2,others,10min_601.wav
2,others,10min_602.wav
2,others,10min_603.wav
2,others,10min_604.wav
1,unlocking,key1_0.wav
1,unlocking,key1_1.wav
1,unlocking,key1_2.wav
1,unlocking,key1_3.wav
1,unlocking,key1_4.wav
1,unlocking,key1_5.wav
1,unlocking,key1_6.wav
1,unlocking,key1_7.wav
1,unlocking,key1_8.wav
1,unlocking,key1_9.wav
1,unlocking,key1_10.wav
1,unlocking,key1_11.wav
1,unlocking,key1_12.wav
1,unlocking,key1_13.wav
1,unlocking,key1_14.wav
1,unlocking,key1_15.wav
1,unlocking,key1_16.wav
1,unlocking,key1_17.wav
1,unlocking,key1_18.wav
1,unlocking,key1_19.wav
1,unlocking,key1_20.wav
1,unlocking,key1_21.wav
1,unlocking,key10_0.wav
1,unlocking,key10_1.wav
1,unlocking,key10_2.wav
1,unlocking,key10_3.wav
1,unlocking,key10_4.wav
1,unlocking,key10_5.wav
1,unlocking,key10_6.wav
1,unlocking,key10_7.wav
1,unlocking,key10_8.wav
1,unlocking,key10_9.wav
1,unlocking,key10_10.wav
1,unlocking,key10_11.wav
1,unlocking,key10_12.wav
1,unlocking,key10_13.wav
1,unlocking,key2_0.wav
1,unlocking,key2_1.wav
1,unlocking,key2_2.wav
1,unlocking,key2_3.wav
1,unlocking,key2_4.wav
1,unlocking,key2_5.wav
1,unlocking,key2_6.wav
1,unlocking,key2_7.wav
1,unlocking,key2_8.wav
1,unlocking,key2_9.wav
1,unlocking,key2_10.wav
1,unlocking,key2_11.wav
1,unlocking,key2_12.wav
1,unlocking,key2_13.wav
1,unlocking,key2_14.wav
1,unlocking,key2_15.wav
1,unlocking,key2_16.wav
1,unlocking,key2_17.wav
1,unlocking,key2_18.wav
1,unlocking,key3_0.wav
1,unlocking,key3_1.wav
1,unlocking,key3_2.wav
1,unlocking,key3_3.wav
1,unlocking,key3_4.wav
1,unlocking,key3_5.wav
1,unlocking,key3_6.wav
1,unlocking,key3_7.wav
1,unlocking,key3_8.wav
1,unlocking,key3_9.wav
1,unlocking,key3_10.wav
1,unlocking,key3_11.wav
1,unlocking,key3_12.wav
1,unlocking,key3_13.wav
1,unlocking,key3_14.wav
1,unlocking,key3_15.wav
1,unlocking,key3_16.wav
1,unlocking,key3_17.wav
1,unlocking,key3_18.wav
1,unlocking,key3_19.wav
1,unlocking,key3_20.wav
1,unlocking,key3_21.wav
1,unlocking,key3_22.wav
1,unlocking,key3_23.wav
1,unlocking,key3_24.wav
1,unlocking,key3_25.wav
1,unlocking,key3_26.wav
1,unlocking,key3_27.wav
1,unlocking,key3_28.wav
1,unlocking,key3_29.wav
1,unlocking,key3_30.wav
1,unlocking,key3_31.wav
1,unlocking,key4_0.wav
1,unlocking,key4_1.wav
1,unlocking,key4_2.wav
1,unlocking,key4_3.wav
1,unlocking,key4_4.wav
1,unlocking,key5_0.wav
1,unlocking,key5_1.wav
1,unlocking,key5_2.wav
1,unlocking,key5_3.wav
1,unlocking,key5_4.wav
1,unlocking,key6_0.wav
1,unlocking,key6_1.wav
1,unlocking,key6_2.wav
1,unlocking,key6_3.wav
1,unlocking,key6_4.wav
1,unlocking,key6_5.wav
1,unlocking,key6_6.wav
1,unlocking,key6_7.wav
1,unlocking,key6_8.wav
1,unlocking,key6_9.wav
1,unlocking,key6_10.wav
1,unlocking,key6_11.wav
1,unlocking,key6_12.wav
1,unlocking,key6_13.wav
1,unlocking,key6_14.wav
1,unlocking,key6_15.wav
1,unlocking,key6_16.wav
1,unlocking,key6_17.wav
1,unlocking,key6_18.wav
1,unlocking,key6_19.wav
1,unlocking,key6_20.wav
1,unlocking,key6_21.wav
1,unlocking,key7_0.wav
1,unlocking,key7_1.wav
1,unlocking,key7_2.wav
1,unlocking,key7_3.wav
1,unlocking,key7_4.wav
1,unlocking,key7_5.wav
1,unlocking,key7_6.wav
1,unlocking,key7_7.wav
1,unlocking,key7_8.wav
1,unlocking,key7_9.wav
1,unlocking,key7_10.wav
1,unlocking,key7_11.wav
1,unlocking,key7_12.wav
1,unlocking,key7_13.wav
1,unlocking,key7_14.wav
1,unlocking,key7_15.wav
1,unlocking,key7_16.wav
1,unlocking,key7_17.wav
1,unlocking,key7_18.wav
1,unlocking,key7_19.wav
1,unlocking,key7_20.wav
1,unlocking,key7_21.wav
1,unlocking,key7_22.wav
1,unlocking,key8_0.wav
1,unlocking,key8_1.wav
1,unlocking,key8_2.wav
1,unlocking,key8_3.wav
1,unlocking,key8_4.wav
1,unlocking,key9_0.wav
1,unlocking,key9_1.wav
1,unlocking,key9_2.wav
1,unlocking,key9_3.wav
1,unlocking,key9_4.wav
1,unlocking,key9_5.wav
1,unlocking,key9_6.wav
1,unlocking,key9_7.wav
1,unlocking,key9_8.wav
1,unlocking,key9_9.wav
1,unlocking,key9_10.wav
1,unlocking,key9_11.wav
1,unlocking,key9_12.wav
1,unlocking,key9_13.wav
0,lockpicking,pick1_0F.wav
0,lockpicking,pick1_0B.wav
0,lockpicking,pick1_1F.wav
0,lockpicking,pick1_1B.wav
0,lockpicking,pick1_10F.wav
0,lockpicking,pick1_10B.wav
0,lockpicking,pick1_11F.wav
0,lockpicking,pick1_11B.wav
0,lockpicking,pick1_12F.wav
0,lockpicking,pick1_12B.wav
0,lockpicking,pick1_13F.wav
0,lockpicking,pick1_13B.wav
0,lockpicking,pick1_14F.wav
0,lockpicking,pick1_14B.wav
0,lockpicking,pick1_15F.wav
0,lockpicking,pick1_15B.wav
0,lockpicking,pick1_16F.wav
0,lockpicking,pick1_16B.wav
0,lockpicking,pick1_17F.wav
0,lockpicking,pick1_17B.wav
0,lockpicking,pick1_18F.wav
0,lockpicking,pick1_18B.wav
0,lockpicking,pick1_19F.wav
0,lockpicking,pick1_19B.wav
0,lockpicking,pick1_2F.wav
0,lockpicking,pick1_2B.wav
0,lockpicking,pick1_20F.wav
0,lockpicking,pick1_20B.wav
0,lockpicking,pick1_21F.wav
0,lockpicking,pick1_21B.wav
0,lockpicking,pick1_22F.wav
0,lockpicking,pick1_22B.wav
0,lockpicking,pick1_23F.wav
0,lockpicking,pick1_23B.wav
0,lockpicking,pick1_24F.wav
0,lockpicking,pick1_24B.wav
0,lockpicking,pick1_25F.wav
0,lockpicking,pick1_25B.wav
0,lockpicking,pick1_26F.wav
0,lockpicking,pick1_26B.wav
0,lockpicking,pick1_27F.wav
0,lockpicking,pick1_27B.wav
0,lockpicking,pick1_28F.wav
0,lockpicking,pick1_28B.wav
0,lockpicking,pick1_3F.wav
0,lockpicking,pick1_3B.wav
0,lockpicking,pick1_4F.wav
0,lockpicking,pick1_4B.wav
0,lockpicking,pick1_5F.wav
0,lockpicking,pick1_5B.wav
0,lockpicking,pick1_6F.wav
0,lockpicking,pick1_6B.wav
0,lockpicking,pick1_7F.wav
0,lockpicking,pick1_7B.wav
0,lockpicking,pick1_8F.wav
0,lockpicking,pick1_8B.wav
0,lockpicking,pick1_9F.wav
0,lockpicking,pick1_9B.wav
0,lockpicking,pick2_0F.wav
0,lockpicking,pick2_0B.wav
0,lockpicking,pick2_1F.wav
0,lockpicking,pick2_1B.wav
0,lockpicking,pick2_10F.wav
0,lockpicking,pick2_10B.wav
0,lockpicking,pick2_11F.wav
0,lockpicking,pick2_11B.wav
0,lockpicking,pick2_12F.wav
0,lockpicking,pick2_12B.wav
0,lockpicking,pick2_2F.wav
0,lockpicking,pick2_2B.wav
0,lockpicking,pick2_3F.wav
0,lockpicking,pick2_3B.wav
0,lockpicking,pick2_4F.wav
0,lockpicking,pick2_4B.wav
0,lockpicking,pick2_5F.wav
0,lockpicking,pick2_5B.wav
0,lockpicking,pick2_6F.wav
0,lockpicking,pick2_6B.wav
0,lockpicking,pick2_7F.wav
0,lockpicking,pick2_7B.wav
0,lockpicking,pick2_8F.wav
0,lockpicking,pick2_8B.wav
0,lockpicking,pick2_9F.wav
0,lockpicking,pick2_9B.wav
0,lockpicking,pick3_0F.wav
0,lockpicking,pick3_0B.wav
0,lockpicking,pick3_1F.wav
0,lockpicking,pick3_1B.wav
0,lockpicking,pick3_2F.wav
0,lockpicking,pick3_2B.wav
0,lockpicking,pick3_3F.wav
0,lockpicking,pick3_3B.wav
0,lockpicking,pick3_4F.wav
0,lockpicking,pick3_4B.wav
0,lockpicking,pick4_0F.wav
0,lockpicking,pick4_0B.wav
0,lockpicking,pick4_1F.wav
0,lockpicking,pick4_1B.wav
0,lockpicking,pick4_10F.wav
0,lockpicking,pick4_10B.wav
0,lockpicking,pick4_11F.wav
0,lockpicking,pick4_11B.wav
0,lockpicking,pick4_12F.wav
0,lockpicking,pick4_12B.wav
0,lockpicking,pick4_2F.wav
0,lockpicking,pick4_2B.wav
0,lockpicking,pick4_3F.wav
0,lockpicking,pick4_3B.wav
0,lockpicking,pick4_4F.wav
0,lockpicking,pick4_4B.wav
0,lockpicking,pick4_5F.wav
0,lockpicking,pick4_5B.wav
0,lockpicking,pick4_6F.wav
0,lockpicking,pick4_6B.wav
0,lockpicking,pick4_7F.wav
0,lockpicking,pick4_7B.wav
0,lockpicking,pick4_8F.wav
0,lockpicking,pick4_8B.wav
0,lockpicking,pick4_9F.wav
0,lockpicking,pick4_9B.wav
0,lockpicking,pick5_0F.wav
0,lockpicking,pick5_0B.wav
0,lockpicking,pick5_1F.wav
0,lockpicking,pick5_1B.wav
0,lockpicking,pick5_10F.wav
0,lockpicking,pick5_10B.wav
0,lockpicking,pick5_11F.wav
0,lockpicking,pick5_11B.wav
0,lockpicking,pick5_12F.wav
0,lockpicking,pick5_12B.wav
0,lockpicking,pick5_13F.wav
0,lockpicking,pick5_13B.wav
0,lockpicking,pick5_14F.wav
0,lockpicking,pick5_14B.wav
0,lockpicking,pick5_15F.wav
0,lockpicking,pick5_15B.wav
0,lockpicking,pick5_16F.wav
0,lockpicking,pick5_16B.wav
0,lockpicking,pick5_17F.wav
0,lockpicking,pick5_17B.wav
0,lockpicking,pick5_18F.wav
0,lockpicking,pick5_18B.wav
0,lockpicking,pick5_19F.wav
0,lockpicking,pick5_19B.wav
0,lockpicking,pick5_2F.wav
0,lockpicking,pick5_2B.wav
0,lockpicking,pick5_20F.wav
0,lockpicking,pick5_20B.wav
0,lockpicking,pick5_3F.wav
0,lockpicking,pick5_3B.wav
0,lockpicking,pick5_4F.wav
0,lockpicking,pick5_4B.wav
0,lockpicking,pick5_5F.wav
0,lockpicking,pick5_5B.wav
0,lockpicking,pick5_6F.wav
0,lockpicking,pick5_6B.wav
0,lockpicking,pick5_7F.wav
0,lockpicking,pick5_7B.wav
0,lockpicking,pick5_8F.wav
0,lockpicking,pick5_8B.wav
0,lockpicking,pick5_9F.wav
0,lockpicking,pick5_9B.wav
0,lockpicking,pick6_0F.wav
0,lockpicking,pick6_0B.wav
0,lockpicking,pick6_1F.wav
0,lockpicking,pick6_1B.wav
0,lockpicking,pick6_10F.wav
0,lockpicking,pick6_10B.wav
0,lockpicking,pick6_11F.wav
0,lockpicking,pick6_11B.wav
0,lockpicking,pick6_12F.wav
0,lockpicking,pick6_12B.wav
0,lockpicking,pick6_13F.wav
0,lockpicking,pick6_13B.wav
0,lockpicking,pick6_14F.wav
0,lockpicking,pick6_14B.wav
0,lockpicking,pick6_15F.wav
0,lockpicking,pick6_15B.wav
0,lockpicking,pick6_16F.wav
0,lockpicking,pick6_16B.wav
0,lockpicking,pick6_17F.wav
0,lockpicking,pick6_17B.wav
0,lockpicking,pick6_18F.wav
0,lockpicking,pick6_18B.wav
0,lockpicking,pick6_19F.wav
0,lockpicking,pick6_19B.wav
0,lockpicking,pick6_2F.wav
0,lockpicking,pick6_2B.wav
0,lockpicking,pick6_20F.wav
0,lockpicking,pick6_20B.wav
0,lockpicking,pick6_3F.wav
0,lockpicking,pick6_3B.wav
0,lockpicking,pick6_4F.wav
0,lockpicking,pick6_4B.wav
0,lockpicking,pick6_5F.wav
0,lockpicking,pick6_5B.wav
0,lockpicking,pick6_6F.wav
0,lockpicking,pick6_6B.wav
0,lockpicking,pick6_7F.wav
0,lockpicking,pick6_7B.wav
0,lockpicking,pick6_8F.wav
0,lockpicking,pick6_8B.wav
0,lockpicking,pick6_9F.wav
0,lockpicking,pick6_9B.wav
0,lockpicking,pick7_0F.wav
0,lockpicking,pick7_0B.wav
0,lockpicking,pick7_1F.wav
0,lockpicking,pick7_1B.wav
0,lockpicking,pick7_10F.wav
0,lockpicking,pick7_10B.wav
0,lockpicking,pick7_11F.wav
0,lockpicking,pick7_11B.wav
0,lockpicking,pick7_12F.wav
0,lockpicking,pick7_12B.wav
0,lockpicking,pick7_13F.wav
0,lockpicking,pick7_13B.wav
0,lockpicking,pick7_14F.wav
0,lockpicking,pick7_14B.wav
0,lockpicking,pick7_15F.wav
0,lockpicking,pick7_15B.wav
0,lockpicking,pick7_16F.wav
0,lockpicking,pick7_16B.wav
0,lockpicking,pick7_17F.wav
0,lockpicking,pick7_17B.wav
0,lockpicking,pick7_18F.wav
0,lockpicking,pick7_18B.wav
0,lockpicking,pick7_19F.wav
0,lockpicking,pick7_19B.wav
0,lockpicking,pick7_2F.wav
0,lockpicking,pick7_2B.wav
0,lockpicking,pick7_20F.wav
0,lockpicking,pick7_20B.wav
0,lockpicking,pick7_3F.wav
0,lockpicking,pick7_3B.wav
0,lockpicking,pick7_4F.wav
0,lockpicking,pick7_4B.wav
0,lockpicking,pick7_5F.wav
0,lockpicking,pick7_5B.wav
0,lockpicking,pick7_6F.wav
0,lockpicking,pick7_6B.wav
0,lockpicking,pick7_7F.wav
0,lockpicking,pick7_7B.wav
0,lockpicking,pick7_8F.wav
0,lockpicking,pick7_8B.wav
0,lockpicking,pick7_9F.wav
0,lockpicking,pick7_9B.wav
2,others,10min_0F.wav
2,others,10min_0B.wav
2,others,10min_1F.wav
2,others,10min_1B.wav
2,others,10min_10F.wav
2,others,10min_10B.wav
2,others,10min_100F.wav
2,others,10min_100B.wav
2,others,10min_101F.wav
2,others,10min_101B.wav
2,others,10min_102F.wav
2,others,10min_102B.wav
2,others,10min_103F.wav
2,others,10min_103B.wav
2,others,10min_104F.wav
2,others,10min_104B.wav
2,others,10min_105F.wav
2,others,10min_105B.wav
2,others,10min_106F.wav
2,others,10min_106B.wav
2,others,10min_107F.wav
2,others,10min_107B.wav
2,others,10min_108F.wav
2,others,10min_108B.wav
2,others,10min_109F.wav
2,others,10min_109B.wav
2,others,10min_11F.wav
2,others,10min_11B.wav
2,others,10min_110F.wav
2,others,10min_110B.wav
2,others,10min_111F.wav
2,others,10min_111B.wav
2,others,10min_112F.wav
2,others,10min_112B.wav
2,others,10min_113F.wav
2,others,10min_113B.wav
2,others,10min_114F.wav
2,others,10min_114B.wav
2,others,10min_115F.wav
2,others,10min_115B.wav
2,others,10min_116F.wav
2,others,10min_116B.wav
2,others,10min_117F.wav
2,others,10min_117B.wav
2,others,10min_118F.wav
2,others,10min_118B.wav
2,others,10min_119F.wav
2,others,10min_119B.wav
2,others,10min_12F.wav
2,others,10min_12B.wav
2,others,10min_120F.wav
2,others,10min_120B.wav
2,others,10min_121F.wav
2,others,10min_121B.wav
2,others,10min_122F.wav
2,others,10min_122B.wav
2,others,10min_123F.wav
2,others,10min_123B.wav
2,others,10min_124F.wav
2,others,10min_124B.wav
2,others,10min_125F.wav
2,others,10min_125B.wav
2,others,10min_126F.wav
2,others,10min_126B.wav
2,others,10min_127F.wav
2,others,10min_127B.wav
2,others,10min_128F.wav
2,others,10min_128B.wav
2,others,10min_129F.wav
2,others,10min_129B.wav
2,others,10min_13F.wav
2,others,10min_13B.wav
2,others,10min_130F.wav
2,others,10min_130B.wav
2,others,10min_131F.wav
2,others,10min_131B.wav
2,others,10min_132F.wav
2,others,10min_132B.wav
2,others,10min_133F.wav
2,others,10min_133B.wav
2,others,10min_134F.wav
2,others,10min_134B.wav
2,others,10min_135F.wav
2,others,10min_135B.wav
2,others,10min_136F.wav
2,others,10min_136B.wav
2,others,10min_137F.wav
2,others,10min_137B.wav
2,others,10min_138F.wav
2,others,10min_138B.wav
2,others,10min_139F.wav
2,others,10min_139B.wav
2,others,10min_14F.wav
2,others,10min_14B.wav
2,others,10min_140F.wav
2,others,10min_140B.wav
2,others,10min_141F.wav
2,others,10min_141B.wav
2,others,10min_142F.wav
2,others,10min_142B.wav
2,others,10min_143F.wav
2,others,10min_143B.wav
2,others,10min_144F.wav
2,others,10min_144B.wav
2,others,10min_145F.wav
2,others,10min_145B.wav
2,others,10min_146F.wav
2,others,10min_146B.wav
2,others,10min_147F.wav
2,others,10min_147B.wav
2,others,10min_148F.wav
2,others,10min_148B.wav
2,others,10min_149F.wav
2,others,10min_149B.wav
2,others,10min_15F.wav
2,others,10min_15B.wav
2,others,10min_150F.wav
2,others,10min_150B.wav
2,others,10min_151F.wav
2,others,10min_151B.wav
2,others,10min_152F.wav
2,others,10min_152B.wav
2,others,10min_153F.wav
2,others,10min_153B.wav
2,others,10min_154F.wav
2,others,10min_154B.wav
2,others,10min_155F.wav
2,others,10min_155B.wav
2,others,10min_156F.wav
2,others,10min_156B.wav
2,others,10min_157F.wav
2,others,10min_157B.wav
2,others,10min_158F.wav
2,others,10min_158B.wav
2,others,10min_159F.wav
2,others,10min_159B.wav
2,others,10min_16F.wav
2,others,10min_16B.wav
2,others,10min_160F.wav
2,others,10min_160B.wav
2,others,10min_161F.wav
2,others,10min_161B.wav
2,others,10min_162F.wav
2,others,10min_162B.wav
2,others,10min_163F.wav
2,others,10min_163B.wav
2,others,10min_164F.wav
2,others,10min_164B.wav
2,others,10min_165F.wav
2,others,10min_165B.wav
2,others,10min_166F.wav
2,others,10min_166B.wav
2,others,10min_167F.wav
2,others,10min_167B.wav
2,others,10min_168F.wav
2,others,10min_168B.wav
2,others,10min_169F.wav
2,others,10min_169B.wav
2,others,10min_17F.wav
2,others,10min_17B.wav
2,others,10min_170F.wav
2,others,10min_170B.wav
2,others,10min_171F.wav
2,others,10min_171B.wav
2,others,10min_172F.wav
2,others,10min_172B.wav
2,others,10min_173F.wav
2,others,10min_173B.wav
2,others,10min_174F.wav
2,others,10min_174B.wav
2,others,10min_175F.wav
2,others,10min_175B.wav
2,others,10min_176F.wav
2,others,10min_176B.wav
2,others,10min_177F.wav
2,others,10min_177B.wav
2,others,10min_178F.wav
2,others,10min_178B.wav
2,others,10min_179F.wav
2,others,10min_179B.wav
2,others,10min_18F.wav
2,others,10min_18B.wav
2,others,10min_180F.wav
2,others,10min_180B.wav
2,others,10min_181F.wav
2,others,10min_181B.wav
2,others,10min_182F.wav
2,others,10min_182B.wav
2,others,10min_183F.wav
2,others,10min_183B.wav
2,others,10min_184F.wav
2,others,10min_184B.wav
2,others,10min_185F.wav
2,others,10min_185B.wav
2,others,10min_186F.wav
2,others,10min_186B.wav
2,others,10min_187F.wav
2,others,10min_187B.wav
2,others,10min_188F.wav
2,others,10min_188B.wav
2,others,10min_189F.wav
2,others,10min_189B.wav
2,others,10min_19F.wav
2,others,10min_19B.wav
2,others,10min_190F.wav
2,others,10min_190B.wav
2,others,10min_191F.wav
2,others,10min_191B.wav
2,others,10min_192F.wav
2,others,10min_192B.wav
2,others,10min_193F.wav
2,others,10min_193B.wav
2,others,10min_194F.wav
2,others,10min_194B.wav
2,others,10min_195F.wav
2,others,10min_195B.wav
2,others,10min_196F.wav
2,others,10min_196B.wav
2,others,10min_197F.wav
2,others,10min_197B.wav
2,others,10min_198F.wav
2,others,10min_198B.wav
2,others,10min_199F.wav
2,others,10min_199B.wav
2,others,10min_2F.wav
2,others,10min_2B.wav
2,others,10min_20F.wav
2,others,10min_20B.wav
2,others,10min_200F.wav
2,others,10min_200B.wav
2,others,10min_201F.wav
2,others,10min_201B.wav
2,others,10min_202F.wav
2,others,10min_202B.wav
2,others,10min_203F.wav
2,others,10min_203B.wav
2,others,10min_204F.wav
2,others,10min_204B.wav
2,others,10min_205F.wav
2,others,10min_205B.wav
2,others,10min_206F.wav
2,others,10min_206B.wav
2,others,10min_207F.wav
2,others,10min_207B.wav
2,others,10min_208F.wav
2,others,10min_208B.wav
2,others,10min_209F.wav
2,others,10min_209B.wav
2,others,10min_21F.wav
2,others,10min_21B.wav
2,others,10min_210F.wav
2,others,10min_210B.wav
2,others,10min_211F.wav
2,others,10min_211B.wav
2,others,10min_212F.wav
2,others,10min_212B.wav
2,others,10min_213F.wav
2,others,10min_213B.wav
2,others,10min_214F.wav
2,others,10min_214B.wav
2,others,10min_215F.wav
2,others,10min_215B.wav
2,others,10min_216F.wav
2,others,10min_216B.wav
2,others,10min_217F.wav
2,others,10min_217B.wav
2,others,10min_218F.wav
2,others,10min_218B.wav
2,others,10min_219F.wav
2,others,10min_219B.wav
2,others,10min_22F.wav
2,others,10min_22B.wav
2,others,10min_220F.wav
2,others,10min_220B.wav
2,others,10min_221F.wav
2,others,10min_221B.wav
2,others,10min_222F.wav
2,others,10min_222B.wav
2,others,10min_223F.wav
2,others,10min_223B.wav
2,others,10min_224F.wav
2,others,10min_224B.wav
2,others,10min_225F.wav
2,others,10min_225B.wav
2,others,10min_226F.wav
2,others,10min_226B.wav
2,others,10min_227F.wav
2,others,10min_227B.wav
2,others,10min_228F.wav
2,others,10min_228B.wav
2,others,10min_229F.wav
2,others,10min_229B.wav
2,others,10min_23F.wav
2,others,10min_23B.wav
2,others,10min_230F.wav
2,others,10min_230B.wav
2,others,10min_231F.wav
2,others,10min_231B.wav
2,others,10min_232F.wav
2,others,10min_232B.wav
2,others,10min_233F.wav
2,others,10min_233B.wav
2,others,10min_234F.wav
2,others,10min_234B.wav
2,others,10min_235F.wav
2,others,10min_235B.wav
2,others,10min_236F.wav
2,others,10min_236B.wav
2,others,10min_237F.wav
2,others,10min_237B.wav
2,others,10min_238F.wav
2,others,10min_238B.wav
2,others,10min_239F.wav
2,others,10min_239B.wav
2,others,10min_24F.wav
2,others,10min_24B.wav
2,others,10min_240F.wav
2,others,10min_240B.wav
2,others,10min_241F.wav
2,others,10min_241B.wav
2,others,10min_242F.wav
2,others,10min_242B.wav
2,others,10min_243F.wav
2,others,10min_243B.wav
2,others,10min_244F.wav
2,others,10min_244B.wav
2,others,10min_245F.wav
2,others,10min_245B.wav
2,others,10min_246F.wav
2,others,10min_246B.wav
2,others,10min_247F.wav
2,others,10min_247B.wav
2,others,10min_248F.wav
2,others,10min_248B.wav
2,others,10min_249F.wav
2,others,10min_249B.wav
2,others,10min_25F.wav
2,others,10min_25B.wav
2,others,10min_250F.wav
2,others,10min_250B.wav
2,others,10min_251F.wav
2,others,10min_251B.wav
2,others,10min_252F.wav
2,others,10min_252B.wav
2,others,10min_253F.wav
2,others,10min_253B.wav
2,others,10min_254F.wav
2,others,10min_254B.wav
2,others,10min_255F.wav
2,others,10min_255B.wav
2,others,10min_256F.wav
2,others,10min_256B.wav
2,others,10min_257F.wav
2,others,10min_257B.wav
2,others,10min_258F.wav
2,others,10min_258B.wav
2,others,10min_259F.wav
2,others,10min_259B.wav
2,others,10min_26F.wav
2,others,10min_26B.wav
2,others,10min_260F.wav
2,others,10min_260B.wav
2,others,10min_261F.wav
2,others,10min_261B.wav
2,others,10min_262F.wav
2,others,10min_262B.wav
2,others,10min_263F.wav
2,others,10min_263B.wav
2,others,10min_264F.wav
2,others,10min_264B.wav
2,others,10min_265F.wav
2,others,10min_265B.wav
2,others,10min_266F.wav
2,others,10min_266B.wav
2,others,10min_267F.wav
2,others,10min_267B.wav
2,others,10min_268F.wav
2,others,10min_268B.wav
2,others,10min_269F.wav
2,others,10min_269B.wav
2,others,10min_27F.wav
2,others,10min_27B.wav
2,others,10min_270F.wav
2,others,10min_270B.wav
2,others,10min_271F.wav
2,others,10min_271B.wav
2,others,10min_272F.wav
2,others,10min_272B.wav
2,others,10min_273F.wav
2,others,10min_273B.wav
2,others,10min_274F.wav
2,others,10min_274B.wav
2,others,10min_275F.wav
2,others,10min_275B.wav
2,others,10min_276F.wav
2,others,10min_276B.wav
2,others,10min_277F.wav
2,others,10min_277B.wav
2,others,10min_278F.wav
2,others,10min_278B.wav
2,others,10min_279F.wav
2,others,10min_279B.wav
2,others,10min_28F.wav
2,others,10min_28B.wav
2,others,10min_280F.wav
2,others,10min_280B.wav
2,others,10min_281F.wav
2,others,10min_281B.wav
2,others,10min_282F.wav
2,others,10min_282B.wav
2,others,10min_283F.wav
2,others,10min_283B.wav
2,others,10min_284F.wav
2,others,10min_284B.wav
2,others,10min_285F.wav
2,others,10min_285B.wav
2,others,10min_286F.wav
2,others,10min_286B.wav
2,others,10min_287F.wav
2,others,10min_287B.wav
2,others,10min_288F.wav
2,others,10min_288B.wav
2,others,10min_289F.wav
2,others,10min_289B.wav
2,others,10min_29F.wav
2,others,10min_29B.wav
2,others,10min_290F.wav
2,others,10min_290B.wav
2,others,10min_291F.wav
2,others,10min_291B.wav
2,others,10min_292F.wav
2,others,10min_292B.wav
2,others,10min_293F.wav
2,others,10min_293B.wav
2,others,10min_294F.wav
2,others,10min_294B.wav
2,others,10min_295F.wav
2,others,10min_295B.wav
2,others,10min_296F.wav
2,others,10min_296B.wav
2,others,10min_297F.wav
2,others,10min_297B.wav
2,others,10min_298F.wav
2,others,10min_298B.wav
2,others,10min_299F.wav
2,others,10min_299B.wav
2,others,10min_3F.wav
2,others,10min_3B.wav
2,others,10min_30F.wav
2,others,10min_30B.wav
2,others,10min_300F.wav
2,others,10min_300B.wav
2,others,10min_301F.wav
2,others,10min_301B.wav
2,others,10min_302F.wav
2,others,10min_302B.wav
2,others,10min_303F.wav
2,others,10min_303B.wav
2,others,10min_304F.wav
2,others,10min_304B.wav
2,others,10min_305F.wav
2,others,10min_305B.wav
2,others,10min_306F.wav
2,others,10min_306B.wav
2,others,10min_307F.wav
2,others,10min_307B.wav
2,others,10min_308F.wav
2,others,10min_308B.wav
2,others,10min_309F.wav
2,others,10min_309B.wav
2,others,10min_31F.wav
2,others,10min_31B.wav
2,others,10min_310F.wav
2,others,10min_310B.wav
2,others,10min_311F.wav
2,others,10min_311B.wav
2,others,10min_312F.wav
2,others,10min_312B.wav
2,others,10min_313F.wav
2,others,10min_313B.wav
2,others,10min_314F.wav
2,others,10min_314B.wav
2,others,10min_315F.wav
2,others,10min_315B.wav
2,others,10min_316F.wav
2,others,10min_316B.wav
2,others,10min_317F.wav
2,others,10min_317B.wav
2,others,10min_318F.wav
2,others,10min_318B.wav
2,others,10min_319F.wav
2,others,10min_319B.wav
2,others,10min_32F.wav
2,others,10min_32B.wav
2,others,10min_320F.wav
2,others,10min_320B.wav
2,others,10min_321F.wav
2,others,10min_321B.wav
2,others,10min_322F.wav
2,others,10min_322B.wav
2,others,10min_323F.wav
2,others,10min_323B.wav
2,others,10min_324F.wav
2,others,10min_324B.wav
2,others,10min_325F.wav
2,others,10min_325B.wav
2,others,10min_326F.wav
2,others,10min_326B.wav
2,others,10min_327F.wav
2,others,10min_327B.wav
2,others,10min_328F.wav
2,others,10min_328B.wav
2,others,10min_329F.wav
2,others,10min_329B.wav
2,others,10min_33F.wav
2,others,10min_33B.wav
2,others,10min_330F.wav
2,others,10min_330B.wav
2,others,10min_331F.wav
2,others,10min_331B.wav
2,others,10min_332F.wav
2,others,10min_332B.wav
2,others,10min_333F.wav
2,others,10min_333B.wav
2,others,10min_334F.wav
2,others,10min_334B.wav
2,others,10min_335F.wav
2,others,10min_335B.wav
2,others,10min_336F.wav
2,others,10min_336B.wav
2,others,10min_337F.wav
2,others,10min_337B.wav
2,others,10min_338F.wav
2,others,10min_338B.wav
2,others,10min_339F.wav
2,others,10min_339B.wav
2,others,10min_34F.wav
2,others,10min_34B.wav
2,others,10min_340F.wav
2,others,10min_340B.wav
2,others,10min_341F.wav
2,others,10min_341B.wav
2,others,10min_342F.wav
2,others,10min_342B.wav
2,others,10min_343F.wav
2,others,10min_343B.wav
2,others,10min_344F.wav
2,others,10min_344B.wav
2,others,10min_345F.wav
2,others,10min_345B.wav
2,others,10min_346F.wav
2,others,10min_346B.wav
2,others,10min_347F.wav
2,others,10min_347B.wav
2,others,10min_348F.wav
2,others,10min_348B.wav
2,others,10min_349F.wav
2,others,10min_349B.wav
2,others,10min_35F.wav
2,others,10min_35B.wav
2,others,10min_350F.wav
2,others,10min_350B.wav
2,others,10min_351F.wav
2,others,10min_351B.wav
2,others,10min_352F.wav
2,others,10min_352B.wav
2,others,10min_353F.wav
2,others,10min_353B.wav
2,others,10min_354F.wav
2,others,10min_354B.wav
2,others,10min_355F.wav
2,others,10min_355B.wav
2,others,10min_356F.wav
2,others,10min_356B.wav
2,others,10min_357F.wav
2,others,10min_357B.wav
2,others,10min_358F.wav
2,others,10min_358B.wav
2,others,10min_359F.wav
2,others,10min_359B.wav
2,others,10min_36F.wav
2,others,10min_36B.wav
2,others,10min_360F.wav
2,others,10min_360B.wav
2,others,10min_361F.wav
2,others,10min_361B.wav
2,others,10min_362F.wav
2,others,10min_362B.wav
2,others,10min_363F.wav
2,others,10min_363B.wav
2,others,10min_364F.wav
2,others,10min_364B.wav
2,others,10min_365F.wav
2,others,10min_365B.wav
2,others,10min_366F.wav
2,others,10min_366B.wav
2,others,10min_367F.wav
2,others,10min_367B.wav
2,others,10min_368F.wav
2,others,10min_368B.wav
2,others,10min_369F.wav
2,others,10min_369B.wav
2,others,10min_37F.wav
2,others,10min_37B.wav
2,others,10min_370F.wav
2,others,10min_370B.wav
2,others,10min_371F.wav
2,others,10min_371B.wav
2,others,10min_372F.wav
2,others,10min_372B.wav
2,others,10min_373F.wav
2,others,10min_373B.wav
2,others,10min_374F.wav
2,others,10min_374B.wav
2,others,10min_375F.wav
2,others,10min_375B.wav
2,others,10min_376F.wav
2,others,10min_376B.wav
2,others,10min_377F.wav
2,others,10min_377B.wav
2,others,10min_378F.wav
2,others,10min_378B.wav
2,others,10min_379F.wav
2,others,10min_379B.wav
2,others,10min_38F.wav
2,others,10min_38B.wav
2,others,10min_380F.wav
2,others,10min_380B.wav
2,others,10min_381F.wav
2,others,10min_381B.wav
2,others,10min_382F.wav
2,others,10min_382B.wav
2,others,10min_383F.wav
2,others,10min_383B.wav
2,others,10min_384F.wav
2,others,10min_384B.wav
2,others,10min_385F.wav
2,others,10min_385B.wav
2,others,10min_386F.wav
2,others,10min_386B.wav
2,others,10min_387F.wav
2,others,10min_387B.wav
2,others,10min_388F.wav
2,others,10min_388B.wav
2,others,10min_389F.wav
2,others,10min_389B.wav
2,others,10min_39F.wav
2,others,10min_39B.wav
2,others,10min_390F.wav
2,others,10min_390B.wav
2,others,10min_391F.wav
2,others,10min_391B.wav
2,others,10min_392F.wav
2,others,10min_392B.wav
2,others,10min_393F.wav
2,others,10min_393B.wav
2,others,10min_394F.wav
2,others,10min_394B.wav
2,others,10min_395F.wav
2,others,10min_395B.wav
2,others,10min_396F.wav
2,others,10min_396B.wav
2,others,10min_397F.wav
2,others,10min_397B.wav
2,others,10min_398F.wav
2,others,10min_398B.wav
2,others,10min_399F.wav
2,others,10min_399B.wav
2,others,10min_4F.wav
2,others,10min_4B.wav
2,others,10min_40F.wav
2,others,10min_40B.wav
2,others,10min_400F.wav
2,others,10min_400B.wav
2,others,10min_401F.wav
2,others,10min_401B.wav
2,others,10min_402F.wav
2,others,10min_402B.wav
2,others,10min_403F.wav
2,others,10min_403B.wav
2,others,10min_404F.wav
2,others,10min_404B.wav
2,others,10min_405F.wav
2,others,10min_405B.wav
2,others,10min_406F.wav
2,others,10min_406B.wav
2,others,10min_407F.wav
2,others,10min_407B.wav
2,others,10min_408F.wav
2,others,10min_408B.wav
2,others,10min_409F.wav
2,others,10min_409B.wav
2,others,10min_41F.wav
2,others,10min_41B.wav
2,others,10min_410F.wav
2,others,10min_410B.wav
2,others,10min_411F.wav
2,others,10min_411B.wav
2,others,10min_412F.wav
2,others,10min_412B.wav
2,others,10min_413F.wav
2,others,10min_413B.wav
2,others,10min_414F.wav
2,others,10min_414B.wav
2,others,10min_415F.wav
2,others,10min_415B.wav
2,others,10min_416F.wav
2,others,10min_416B.wav
2,others,10min_417F.wav
2,others,10min_417B.wav
2,others,10min_418F.wav
2,others,10min_418B.wav
2,others,10min_419F.wav
2,others,10min_419B.wav
2,others,10min_42F.wav
2,others,10min_42B.wav
2,others,10min_420F.wav
2,others,10min_420B.wav
2,others,10min_421F.wav
2,others,10min_421B.wav
2,others,10min_422F.wav
2,others,10min_422B.wav
2,others,10min_423F.wav
2,others,10min_423B.wav
2,others,10min_424F.wav
2,others,10min_424B.wav
2,others,10min_425F.wav
2,others,10min_425B.wav
2,others,10min_426F.wav
2,others,10min_426B.wav
2,others,10min_427F.wav
2,others,10min_427B.wav
2,others,10min_428F.wav
2,others,10min_428B.wav
2,others,10min_429F.wav
2,others,10min_429B.wav
2,others,10min_43F.wav
2,others,10min_43B.wav
2,others,10min_430F.wav
2,others,10min_430B.wav
2,others,10min_431F.wav
2,others,10min_431B.wav
2,others,10min_432F.wav
2,others,10min_432B.wav
2,others,10min_433F.wav
2,others,10min_433B.wav
2,others,10min_434F.wav
2,others,10min_434B.wav
2,others,10min_435F.wav
2,others,10min_435B.wav
2,others,10min_436F.wav
2,others,10min_436B.wav
2,others,10min_437F.wav
2,others,10min_437B.wav
2,others,10min_438F.wav
2,others,10min_438B.wav
2,others,10min_439F.wav
2,others,10min_439B.wav
2,others,10min_44F.wav
2,others,10min_44B.wav
2,others,10min_440F.wav
2,others,10min_440B.wav
2,others,10min_441F.wav
2,others,10min_441B.wav
2,others,10min_442F.wav
2,others,10min_442B.wav
2,others,10min_443F.wav
2,others,10min_443B.wav
2,others,10min_444F.wav
2,others,10min_444B.wav
2,others,10min_445F.wav
2,others,10min_445B.wav
2,others,10min_446F.wav
2,others,10min_446B.wav
2,others,10min_447F.wav
2,others,10min_447B.wav
2,others,10min_448F.wav
2,others,10min_448B.wav
2,others,10min_449F.wav
2,others,10min_449B.wav
2,others,10min_45F.wav
2,others,10min_45B.wav
2,others,10min_450F.wav
2,others,10min_450B.wav
2,others,10min_451F.wav
2,others,10min_451B.wav
2,others,10min_452F.wav
2,others,10min_452B.wav
2,others,10min_453F.wav
2,others,10min_453B.wav
2,others,10min_454F.wav
2,others,10min_454B.wav
2,others,10min_455F.wav
2,others,10min_455B.wav
2,others,10min_456F.wav
2,others,10min_456B.wav
2,others,10min_457F.wav
2,others,10min_457B.wav
2,others,10min_458F.wav
2,others,10min_458B.wav
2,others,10min_459F.wav
2,others,10min_459B.wav
2,others,10min_46F.wav
2,others,10min_46B.wav
2,others,10min_460F.wav
2,others,10min_460B.wav
2,others,10min_461F.wav
2,others,10min_461B.wav
2,others,10min_462F.wav
2,others,10min_462B.wav
2,others,10min_463F.wav
2,others,10min_463B.wav
2,others,10min_464F.wav
2,others,10min_464B.wav
2,others,10min_465F.wav
2,others,10min_465B.wav
2,others,10min_466F.wav
2,others,10min_466B.wav
2,others,10min_467F.wav
2,others,10min_467B.wav
2,others,10min_468F.wav
2,others,10min_468B.wav
2,others,10min_469F.wav
2,others,10min_469B.wav
2,others,10min_47F.wav
2,others,10min_47B.wav
2,others,10min_470F.wav
2,others,10min_470B.wav
2,others,10min_471F.wav
2,others,10min_471B.wav
2,others,10min_472F.wav
2,others,10min_472B.wav
2,others,10min_473F.wav
2,others,10min_473B.wav
2,others,10min_474F.wav
2,others,10min_474B.wav
2,others,10min_475F.wav
2,others,10min_475B.wav
2,others,10min_476F.wav
2,others,10min_476B.wav
2,others,10min_477F.wav
2,others,10min_477B.wav
2,others,10min_478F.wav
2,others,10min_478B.wav
2,others,10min_479F.wav
2,others,10min_479B.wav
2,others,10min_48F.wav
2,others,10min_48B.wav
2,others,10min_480F.wav
2,others,10min_480B.wav
2,others,10min_481F.wav
2,others,10min_481B.wav
2,others,10min_482F.wav
2,others,10min_482B.wav
2,others,10min_483F.wav
2,others,10min_483B.wav
2,others,10min_484F.wav
2,others,10min_484B.wav
2,others,10min_485F.wav
2,others,10min_485B.wav
2,others,10min_486F.wav
2,others,10min_486B.wav
2,others,10min_487F.wav
2,others,10min_487B.wav
2,others,10min_488F.wav
2,others,10min_488B.wav
2,others,10min_489F.wav
2,others,10min_489B.wav
2,others,10min_49F.wav
2,others,10min_49B.wav
2,others,10min_490F.wav
2,others,10min_490B.wav
2,others,10min_491F.wav
2,others,10min_491B.wav
2,others,10min_492F.wav
2,others,10min_492B.wav
2,others,10min_493F.wav
2,others,10min_493B.wav
2,others,10min_494F.wav
2,others,10min_494B.wav
2,others,10min_495F.wav
2,others,10min_495B.wav
2,others,10min_496F.wav
2,others,10min_496B.wav
2,others,10min_497F.wav
2,others,10min_497B.wav
2,others,10min_498F.wav
2,others,10min_498B.wav
2,others,10min_499F.wav
2,others,10min_499B.wav
2,others,10min_5F.wav
2,others,10min_5B.wav
2,others,10min_50F.wav
2,others,10min_50B.wav
2,others,10min_500F.wav
2,others,10min_500B.wav
2,others,10min_501F.wav
2,others,10min_501B.wav
2,others,10min_502F.wav
2,others,10min_502B.wav
2,others,10min_503F.wav
2,others,10min_503B.wav
2,others,10min_504F.wav
2,others,10min_504B.wav
2,others,10min_505F.wav
2,others,10min_505B.wav
2,others,10min_506F.wav
2,others,10min_506B.wav
2,others,10min_507F.wav
2,others,10min_507B.wav
2,others,10min_508F.wav
2,others,10min_508B.wav
2,others,10min_509F.wav
2,others,10min_509B.wav
2,others,10min_51F.wav
2,others,10min_51B.wav
2,others,10min_510F.wav
2,others,10min_510B.wav
2,others,10min_511F.wav
2,others,10min_511B.wav
2,others,10min_512F.wav
2,others,10min_512B.wav
2,others,10min_513F.wav
2,others,10min_513B.wav
2,others,10min_514F.wav
2,others,10min_514B.wav
2,others,10min_515F.wav
2,others,10min_515B.wav
2,others,10min_516F.wav
2,others,10min_516B.wav
2,others,10min_517F.wav
2,others,10min_517B.wav
2,others,10min_518F.wav
2,others,10min_518B.wav
2,others,10min_519F.wav
2,others,10min_519B.wav
2,others,10min_52F.wav
2,others,10min_52B.wav
2,others,10min_520F.wav
2,others,10min_520B.wav
2,others,10min_521F.wav
2,others,10min_521B.wav
2,others,10min_522F.wav
2,others,10min_522B.wav
2,others,10min_523F.wav
2,others,10min_523B.wav
2,others,10min_524F.wav
2,others,10min_524B.wav
2,others,10min_525F.wav
2,others,10min_525B.wav
2,others,10min_526F.wav
2,others,10min_526B.wav
2,others,10min_527F.wav
2,others,10min_527B.wav
2,others,10min_528F.wav
2,others,10min_528B.wav
2,others,10min_529F.wav
2,others,10min_529B.wav
2,others,10min_53F.wav
2,others,10min_53B.wav
2,others,10min_530F.wav
2,others,10min_530B.wav
2,others,10min_531F.wav
2,others,10min_531B.wav
2,others,10min_532F.wav
2,others,10min_532B.wav
2,others,10min_533F.wav
2,others,10min_533B.wav
2,others,10min_534F.wav
2,others,10min_534B.wav
2,others,10min_535F.wav
2,others,10min_535B.wav
2,others,10min_536F.wav
2,others,10min_536B.wav
2,others,10min_537F.wav
2,others,10min_537B.wav
2,others,10min_538F.wav
2,others,10min_538B.wav
2,others,10min_539F.wav
2,others,10min_539B.wav
2,others,10min_54F.wav
2,others,10min_54B.wav
2,others,10min_540F.wav
2,others,10min_540B.wav
2,others,10min_541F.wav
2,others,10min_541B.wav
2,others,10min_542F.wav
2,others,10min_542B.wav
2,others,10min_543F.wav
2,others,10min_543B.wav
2,others,10min_544F.wav
2,others,10min_544B.wav
2,others,10min_545F.wav
2,others,10min_545B.wav
2,others,10min_546F.wav
2,others,10min_546B.wav
2,others,10min_547F.wav
2,others,10min_547B.wav
2,others,10min_548F.wav
2,others,10min_548B.wav
2,others,10min_549F.wav
2,others,10min_549B.wav
2,others,10min_55F.wav
2,others,10min_55B.wav
2,others,10min_550F.wav
2,others,10min_550B.wav
2,others,10min_551F.wav
2,others,10min_551B.wav
2,others,10min_552F.wav
2,others,10min_552B.wav
2,others,10min_553F.wav
2,others,10min_553B.wav
2,others,10min_554F.wav
2,others,10min_554B.wav
2,others,10min_555F.wav
2,others,10min_555B.wav
2,others,10min_556F.wav
2,others,10min_556B.wav
2,others,10min_557F.wav
2,others,10min_557B.wav
2,others,10min_558F.wav
2,others,10min_558B.wav
2,others,10min_559F.wav
2,others,10min_559B.wav
2,others,10min_56F.wav
2,others,10min_56B.wav
2,others,10min_560F.wav
2,others,10min_560B.wav
2,others,10min_561F.wav
2,others,10min_561B.wav
2,others,10min_562F.wav
2,others,10min_562B.wav
2,others,10min_563F.wav
2,others,10min_563B.wav
2,others,10min_564F.wav
2,others,10min_564B.wav
2,others,10min_565F.wav
2,others,10min_565B.wav
2,others,10min_566F.wav
2,others,10min_566B.wav
2,others,10min_567F.wav
2,others,10min_567B.wav
2,others,10min_568F.wav
2,others,10min_568B.wav
2,others,10min_569F.wav
2,others,10min_569B.wav
2,others,10min_57F.wav
2,others,10min_57B.wav
2,others,10min_570F.wav
2,others,10min_570B.wav
2,others,10min_571F.wav
2,others,10min_571B.wav
2,others,10min_572F.wav
2,others,10min_572B.wav
2,others,10min_573F.wav
2,others,10min_573B.wav
2,others,10min_574F.wav
2,others,10min_574B.wav
2,others,10min_575F.wav
2,others,10min_575B.wav
2,others,10min_576F.wav
2,others,10min_576B.wav
2,others,10min_577F.wav
2,others,10min_577B.wav
2,others,10min_578F.wav
2,others,10min_578B.wav
2,others,10min_579F.wav
2,others,10min_579B.wav
2,others,10min_58F.wav
2,others,10min_58B.wav
2,others,10min_580F.wav
2,others,10min_580B.wav
2,others,10min_581F.wav
2,others,10min_581B.wav
2,others,10min_582F.wav
2,others,10min_582B.wav
2,others,10min_583F.wav
2,others,10min_583B.wav
2,others,10min_584F.wav
2,others,10min_584B.wav
2,others,10min_585F.wav
2,others,10min_585B.wav
2,others,10min_586F.wav
2,others,10min_586B.wav
2,others,10min_587F.wav
2,others,10min_587B.wav
2,others,10min_588F.wav
2,others,10min_588B.wav
2,others,10min_589F.wav
2,others,10min_589B.wav
2,others,10min_59F.wav
2,others,10min_59B.wav
2,others,10min_590F.wav
2,others,10min_590B.wav
2,others,10min_591F.wav
2,others,10min_591B.wav
2,others,10min_592F.wav
2,others,10min_592B.wav
2,others,10min_593F.wav
2,others,10min_593B.wav
2,others,10min_594F.wav
2,others,10min_594B.wav
2,others,10min_595F.wav
2,others,10min_595B.wav
2,others,10min_596F.wav
2,others,10min_596B.wav
2,others,10min_597F.wav
2,others,10min_597B.wav
2,others,10min_598F.wav
2,others,10min_598B.wav
2,others,10min_599F.wav
2,others,10min_599B.wav
2,others,10min_6F.wav
2,others,10min_6B.wav
2,others,10min_60F.wav
2,others,10min_60B.wav
2,others,10min_600F.wav
2,others,10min_600B.wav
2,others,10min_601F.wav
2,others,10min_601B.wav
2,others,10min_602F.wav
2,others,10min_602B.wav
2,others,10min_603F.wav
2,others,10min_603B.wav
2,others,10min_604F.wav
2,others,10min_604B.wav
2,others,10min_61F.wav
2,others,10min_61B.wav
2,others,10min_62F.wav
2,others,10min_62B.wav
2,others,10min_63F.wav
2,others,10min_63B.wav
2,others,10min_64F.wav
2,others,10min_64B.wav
2,others,10min_65F.wav
2,others,10min_65B.wav
2,others,10min_66F.wav
2,others,10min_66B.wav
2,others,10min_67F.wav
2,others,10min_67B.wav
2,others,10min_68F.wav
2,others,10min_68B.wav
2,others,10min_69F.wav
2,others,10min_69B.wav
2,others,10min_7F.wav
2,others,10min_7B.wav
2,others,10min_70F.wav
2,others,10min_70B.wav
2,others,10min_71F.wav
2,others,10min_71B.wav
2,others,10min_72F.wav
2,others,10min_72B.wav
2,others,10min_73F.wav
2,others,10min_73B.wav
2,others,10min_74F.wav
2,others,10min_74B.wav
2,others,10min_75F.wav
2,others,10min_75B.wav
2,others,10min_76F.wav
2,others,10min_76B.wav
2,others,10min_77F.wav
2,others,10min_77B.wav
2,others,10min_78F.wav
2,others,10min_78B.wav
2,others,10min_79F.wav
2,others,10min_79B.wav
2,others,10min_8F.wav
2,others,10min_8B.wav
2,others,10min_80F.wav
2,others,10min_80B.wav
2,others,10min_81F.wav
2,others,10min_81B.wav
2,others,10min_82F.wav
2,others,10min_82B.wav
2,others,10min_83F.wav
2,others,10min_83B.wav
2,others,10min_84F.wav
2,others,10min_84B.wav
2,others,10min_85F.wav
2,others,10min_85B.wav
2,others,10min_86F.wav
2,others,10min_86B.wav
2,others,10min_87F.wav
2,others,10min_87B.wav
2,others,10min_88F.wav
2,others,10min_88B.wav
2,others,10min_89F.wav
2,others,10min_89B.wav
2,others,10min_9F.wav
2,others,10min_9B.wav
2,others,10min_90F.wav
2,others,10min_90B.wav
2,others,10min_91F.wav
2,others,10min_91B.wav
2,others,10min_92F.wav
2,others,10min_92B.wav
2,others,10min_93F.wav
2,others,10min_93B.wav
2,others,10min_94F.wav
2,others,10min_94B.wav
2,others,10min_95F.wav
2,others,10min_95B.wav
2,others,10min_96F.wav
2,others,10min_96B.wav
2,others,10min_97F.wav
2,others,10min_97B.wav
2,others,10min_98F.wav
2,others,10min_98B.wav
2,others,10min_99F.wav
2,others,10min_99B.wav
1,unlocking,key10_0F.wav
1,unlocking,key10_0B.wav
1,unlocking,key10_1F.wav
1,unlocking,key10_1B.wav
1,unlocking,key10_10F.wav
1,unlocking,key10_10B.wav
1,unlocking,key10_11F.wav
1,unlocking,key10_11B.wav
1,unlocking,key10_12F.wav
1,unlocking,key10_12B.wav
1,unlocking,key10_13F.wav
1,unlocking,key10_13B.wav
1,unlocking,key10_2F.wav
1,unlocking,key10_2B.wav
1,unlocking,key10_3F.wav
1,unlocking,key10_3B.wav
1,unlocking,key10_4F.wav
1,unlocking,key10_4B.wav
1,unlocking,key10_5F.wav
1,unlocking,key10_5B.wav
1,unlocking,key10_6F.wav
1,unlocking,key10_6B.wav
1,unlocking,key10_7F.wav
1,unlocking,key10_7B.wav
1,unlocking,key10_8F.wav
1,unlocking,key10_8B.wav
1,unlocking,key10_9F.wav
1,unlocking,key10_9B.wav
1,unlocking,key1_0F.wav
1,unlocking,key1_0B.wav
1,unlocking,key1_1F.wav
1,unlocking,key1_1B.wav
1,unlocking,key1_10F.wav
1,unlocking,key1_10B.wav
1,unlocking,key1_11F.wav
1,unlocking,key1_11B.wav
1,unlocking,key1_12F.wav
1,unlocking,key1_12B.wav
1,unlocking,key1_13F.wav
1,unlocking,key1_13B.wav
1,unlocking,key1_14F.wav
1,unlocking,key1_14B.wav
1,unlocking,key1_15F.wav
1,unlocking,key1_15B.wav
1,unlocking,key1_16F.wav
1,unlocking,key1_16B.wav
1,unlocking,key1_17F.wav
1,unlocking,key1_17B.wav
1,unlocking,key1_18F.wav
1,unlocking,key1_18B.wav
1,unlocking,key1_19F.wav
1,unlocking,key1_19B.wav
1,unlocking,key1_2F.wav
1,unlocking,key1_2B.wav
1,unlocking,key1_20F.wav
1,unlocking,key1_20B.wav
1,unlocking,key1_21F.wav
1,unlocking,key1_21B.wav
1,unlocking,key1_3F.wav
1,unlocking,key1_3B.wav
1,unlocking,key1_4F.wav
1,unlocking,key1_4B.wav
1,unlocking,key1_5F.wav
1,unlocking,key1_5B.wav
1,unlocking,key1_6F.wav
1,unlocking,key1_6B.wav
1,unlocking,key1_7F.wav
1,unlocking,key1_7B.wav
1,unlocking,key1_8F.wav
1,unlocking,key1_8B.wav
1,unlocking,key1_9F.wav
1,unlocking,key1_9B.wav
1,unlocking,key2_0F.wav
1,unlocking,key2_0B.wav
1,unlocking,key2_1F.wav
1,unlocking,key2_1B.wav
1,unlocking,key2_10F.wav
1,unlocking,key2_10B.wav
1,unlocking,key2_11F.wav
1,unlocking,key2_11B.wav
1,unlocking,key2_12F.wav
1,unlocking,key2_12B.wav
1,unlocking,key2_13F.wav
1,unlocking,key2_13B.wav
1,unlocking,key2_14F.wav
1,unlocking,key2_14B.wav
1,unlocking,key2_15F.wav
1,unlocking,key2_15B.wav
1,unlocking,key2_16F.wav
1,unlocking,key2_16B.wav
1,unlocking,key2_17F.wav
1,unlocking,key2_17B.wav
1,unlocking,key2_18F.wav
1,unlocking,key2_18B.wav
1,unlocking,key2_2F.wav
1,unlocking,key2_2B.wav
1,unlocking,key2_3F.wav
1,unlocking,key2_3B.wav
1,unlocking,key2_4F.wav
1,unlocking,key2_4B.wav
1,unlocking,key2_5F.wav
1,unlocking,key2_5B.wav
1,unlocking,key2_6F.wav
1,unlocking,key2_6B.wav
1,unlocking,key2_7F.wav
1,unlocking,key2_7B.wav
1,unlocking,key2_8F.wav
1,unlocking,key2_8B.wav
1,unlocking,key2_9F.wav
1,unlocking,key2_9B.wav
1,unlocking,key3_0F.wav
1,unlocking,key3_0B.wav
1,unlocking,key3_1F.wav
1,unlocking,key3_1B.wav
1,unlocking,key3_10F.wav
1,unlocking,key3_10B.wav
1,unlocking,key3_11F.wav
1,unlocking,key3_11B.wav
1,unlocking,key3_12F.wav
1,unlocking,key3_12B.wav
1,unlocking,key3_13F.wav
1,unlocking,key3_13B.wav
1,unlocking,key3_14F.wav
1,unlocking,key3_14B.wav
1,unlocking,key3_15F.wav
1,unlocking,key3_15B.wav
1,unlocking,key3_16F.wav
1,unlocking,key3_16B.wav
1,unlocking,key3_17F.wav
1,unlocking,key3_17B.wav
1,unlocking,key3_18F.wav
1,unlocking,key3_18B.wav
1,unlocking,key3_19F.wav
1,unlocking,key3_19B.wav
1,unlocking,key3_2F.wav
1,unlocking,key3_2B.wav
1,unlocking,key3_20F.wav
1,unlocking,key3_20B.wav
1,unlocking,key3_21F.wav
1,unlocking,key3_21B.wav
1,unlocking,key3_22F.wav
1,unlocking,key3_22B.wav
1,unlocking,key3_23F.wav
1,unlocking,key3_23B.wav
1,unlocking,key3_24F.wav
1,unlocking,key3_24B.wav
1,unlocking,key3_25F.wav
1,unlocking,key3_25B.wav
1,unlocking,key3_26F.wav
1,unlocking,key3_26B.wav
1,unlocking,key3_27F.wav
1,unlocking,key3_27B.wav
1,unlocking,key3_28F.wav
1,unlocking,key3_28B.wav
1,unlocking,key3_29F.wav
1,unlocking,key3_29B.wav
1,unlocking,key3_3F.wav
1,unlocking,key3_3B.wav
1,unlocking,key3_30F.wav
1,unlocking,key3_30B.wav
1,unlocking,key3_31F.wav
1,unlocking,key3_31B.wav
1,unlocking,key3_4F.wav
1,unlocking,key3_4B.wav
1,unlocking,key3_5F.wav
1,unlocking,key3_5B.wav
1,unlocking,key3_6F.wav
1,unlocking,key3_6B.wav
1,unlocking,key3_7F.wav
1,unlocking,key3_7B.wav
1,unlocking,key3_8F.wav
1,unlocking,key3_8B.wav
1,unlocking,key3_9F.wav
1,unlocking,key3_9B.wav
1,unlocking,key4_0F.wav
1,unlocking,key4_0B.wav
1,unlocking,key4_1F.wav
1,unlocking,key4_1B.wav
1,unlocking,key4_2F.wav
1,unlocking,key4_2B.wav
1,unlocking,key4_3F.wav
1,unlocking,key4_3B.wav
1,unlocking,key4_4F.wav
1,unlocking,key4_4B.wav
1,unlocking,key5_0F.wav
1,unlocking,key5_0B.wav
1,unlocking,key5_1F.wav
1,unlocking,key5_1B.wav
1,unlocking,key5_2F.wav
1,unlocking,key5_2B.wav
1,unlocking,key5_3F.wav
1,unlocking,key5_3B.wav
1,unlocking,key5_4F.wav
1,unlocking,key5_4B.wav
1,unlocking,key6_0F.wav
1,unlocking,key6_0B.wav
1,unlocking,key6_1F.wav
1,unlocking,key6_1B.wav
1,unlocking,key6_10F.wav
1,unlocking,key6_10B.wav
1,unlocking,key6_11F.wav
1,unlocking,key6_11B.wav
1,unlocking,key6_12F.wav
1,unlocking,key6_12B.wav
1,unlocking,key6_13F.wav
1,unlocking,key6_13B.wav
1,unlocking,key6_14F.wav
1,unlocking,key6_14B.wav
1,unlocking,key6_15F.wav
1,unlocking,key6_15B.wav
1,unlocking,key6_16F.wav
1,unlocking,key6_16B.wav
1,unlocking,key6_17F.wav
1,unlocking,key6_17B.wav
1,unlocking,key6_18F.wav
1,unlocking,key6_18B.wav
1,unlocking,key6_19F.wav
1,unlocking,key6_19B.wav
1,unlocking,key6_2F.wav
1,unlocking,key6_2B.wav
1,unlocking,key6_20F.wav
1,unlocking,key6_20B.wav
1,unlocking,key6_21F.wav
1,unlocking,key6_21B.wav
1,unlocking,key6_3F.wav
1,unlocking,key6_3B.wav
1,unlocking,key6_4F.wav
1,unlocking,key6_4B.wav
1,unlocking,key6_5F.wav
1,unlocking,key6_5B.wav
1,unlocking,key6_6F.wav
1,unlocking,key6_6B.wav
1,unlocking,key6_7F.wav
1,unlocking,key6_7B.wav
1,unlocking,key6_8F.wav
1,unlocking,key6_8B.wav
1,unlocking,key6_9F.wav
1,unlocking,key6_9B.wav
1,unlocking,key7_0F.wav
1,unlocking,key7_0B.wav
1,unlocking,key7_1F.wav
1,unlocking,key7_1B.wav
1,unlocking,key7_10F.wav
1,unlocking,key7_10B.wav
1,unlocking,key7_11F.wav
1,unlocking,key7_11B.wav
1,unlocking,key7_12F.wav
1,unlocking,key7_12B.wav
1,unlocking,key7_13F.wav
1,unlocking,key7_13B.wav
1,unlocking,key7_14F.wav
1,unlocking,key7_14B.wav
1,unlocking,key7_15F.wav
1,unlocking,key7_15B.wav
1,unlocking,key7_16F.wav
1,unlocking,key7_16B.wav
1,unlocking,key7_17F.wav
1,unlocking,key7_17B.wav
1,unlocking,key7_18F.wav
1,unlocking,key7_18B.wav
1,unlocking,key7_19F.wav
1,unlocking,key7_19B.wav
1,unlocking,key7_2F.wav
1,unlocking,key7_2B.wav
1,unlocking,key7_20F.wav
1,unlocking,key7_20B.wav
1,unlocking,key7_21F.wav
1,unlocking,key7_21B.wav
1,unlocking,key7_22F.wav
1,unlocking,key7_22B.wav
1,unlocking,key7_3F.wav
1,unlocking,key7_3B.wav
1,unlocking,key7_4F.wav
1,unlocking,key7_4B.wav
1,unlocking,key7_5F.wav
1,unlocking,key7_5B.wav
1,unlocking,key7_6F.wav
1,unlocking,key7_6B.wav
1,unlocking,key7_7F.wav
1,unlocking,key7_7B.wav
1,unlocking,key7_8F.wav
1,unlocking,key7_8B.wav
1,unlocking,key7_9F.wav
1,unlocking,key7_9B.wav
1,unlocking,key8_0F.wav
1,unlocking,key8_0B.wav
1,unlocking,key8_1F.wav
1,unlocking,key8_1B.wav
1,unlocking,key8_2F.wav
1,unlocking,key8_2B.wav
1,unlocking,key8_3F.wav
1,unlocking,key8_3B.wav
1,unlocking,key8_4F.wav
1,unlocking,key8_4B.wav
1,unlocking,key9_0F.wav
1,unlocking,key9_0B.wav
1,unlocking,key9_1F.wav
1,unlocking,key9_1B.wav
1,unlocking,key9_10F.wav
1,unlocking,key9_10B.wav
1,unlocking,key9_11F.wav
1,unlocking,key9_11B.wav
1,unlocking,key9_12F.wav
1,unlocking,key9_12B.wav
1,unlocking,key9_13F.wav
1,unlocking,key9_13B.wav
1,unlocking,key9_2F.wav
1,unlocking,key9_2B.wav
1,unlocking,key9_3F.wav
1,unlocking,key9_3B.wav
1,unlocking,key9_4F.wav
1,unlocking,key9_4B.wav
1,unlocking,key9_5F.wav
1,unlocking,key9_5B.wav
1,unlocking,key9_6F.wav
1,unlocking,key9_6B.wav
1,unlocking,key9_7F.wav
1,unlocking,key9_7B.wav
1,unlocking,key9_8F.wav
1,unlocking,key9_8B.wav
1,unlocking,key9_9F.wav
1,unlocking,key9_9B.wav
